Id,Cover_Type
206094,1
246282,2
558985,2
263924,2
107717,2
68209,2
430101,1
345479,2
96215,2
534729,1
495893,1
144286,2
406801,1
565347,2
36239,2
204619,1
234814,2
58174,2
325732,2
489953,1
237431,1
370200,2
135429,2
335635,2
310842,1
500512,1
386623,1
421447,1
406487,1
384764,1
454771,1
33594,2
202065,1
19019,2
339051,1
479365,1
278060,1
531085,1
456736,1
350260,1
517748,1
337734,2
348313,1
64513,2
549383,2
122330,2
171740,2
411052,2
73931,2
221978,2
146651,1
416909,1
213635,1
225012,2
530585,1
556289,1
353473,2
73793,2
553591,1
232551,1
20126,2
553961,1
210047,1
543470,2
70072,1
30952,2
56107,2
420671,1
425130,1
177531,1
237572,1
310904,1
459100,1
345754,2
402418,1
358087,1
102097,2
531429,1
438002,1
257022,2
439071,1
402705,1
150436,1
327669,1
479642,1
470557,2
429034,1
394948,1
219703,2
301535,1
120013,2
147390,2
541908,1
331239,1
65228,1
76264,2
218781,2
38613,2
138958,1
393866,1
365403,1
27145,1
398674,2
542753,1
469739,2
104335,1
15917,1
534902,1
468387,2
565695,2
465257,1
231443,2
171451,2
532655,1
124057,2
372681,2
535531,1
201266,1
494152,1
437294,1
320285,2
108305,2
546417,1
548268,1
108426,2
394832,1
140292,2
553651,2
470233,2
529884,1
420361,1
562151,2
549988,1
410844,1
173096,1
413726,1
430077,1
444294,1
349560,2
313560,2
515293,1
198702,1
82786,2
542638,1
255176,2
20029,2
449859,2
523097,1
356276,2
515833,1
247798,1
258869,2
543973,1
139050,1
83029,2
82362,1
401775,1
153806,2
69488,2
93737,1
362294,2
378875,1
307284,1
362832,1
532059,2
215498,1
156027,1
389993,1
195712,1
27245,1
409025,2
98595,1
565830,2
485491,1
241641,1
493987,1
85486,2
65994,2
335091,1
355060,2
24721,1
280367,1
37510,2
388235,2
55000,1
61558,2
348526,1
544004,1
195997,1
411944,2
489551,1
270985,2
438799,2
379682,2
412894,1
489969,2
552419,1
242183,2
472332,2
185322,1
309056,2
217149,2
305610,2
511471,1
509899,1
175519,1
307801,1
64605,2
370873,2
569162,2
387239,1
489932,2
202516,1
223735,2
83236,2
489339,1
98842,2
441313,1
442351,1
132542,1
53546,2
231662,1
320480,2
524171,1
527333,2
29710,2
80877,2
518289,1
138039,1
171333,2
314830,2
81098,1
71593,1
463300,1
174967,1
85705,2
128153,2
86718,2
195710,1
23749,2
350908,1
351308,1
244439,2
518596,1
337785,2
216370,1
497568,2
398937,2
561371,1
486435,2
220649,1
428242,1
563467,2
555730,1
470517,1
150158,1
225605,2
263793,1
278827,2
546015,1
349670,1
36182,1
363847,2
487844,1
523318,1
83189,2
382243,2
488190,1
76390,2
443145,2
554866,2
357861,2
148367,2
236977,1
545748,1
346767,1
234138,2
447948,2
211706,2
297159,2
362556,2
91452,2
325516,2
31513,1
346008,1
396708,2
55741,2
144812,2
272410,1
185754,1
554161,1
331810,2
85439,2
83110,2
540826,2
218454,2
48173,2
270058,2
42505,2
206890,1
279904,1
176445,1
29209,2
53685,2
350991,1
407254,1
50305,2
23408,1
283259,1
254021,2
568447,2
544925,1
167217,2
550977,2
313153,1
344452,2
138688,2
80757,2
379726,2
72779,2
181779,2
18123,2
401117,1
335539,1
133640,1
529461,1
482707,1
369748,1
414976,1
107678,2
518375,1
106799,2
89976,2
371160,1
125553,2
493878,1
393209,2
190794,1
130755,2
389288,1
431997,1
550656,1
458698,1
132569,2
353824,1
49705,2
410278,1
437279,1
284332,1
23285,2
67434,2
156169,2
59466,2
360607,1
65012,1
102952,2
24826,2
69457,2
128819,2
49739,2
38168,1
50211,2
563372,1
315039,1
51974,2
237941,1
528696,2
55043,2
443735,2
59752,2
496189,1
394554,1
340726,2
292438,2
204950,2
57475,1
92702,2
199439,1
393125,1
489181,1
119744,2
36663,2
550926,2
525803,1
395078,1
558348,1
30192,2
378260,2
471341,2
343410,2
457910,2
391273,1
468332,2
174944,1
104668,2
531263,1
35956,2
109672,2
273107,2
155573,2
102354,2
452444,1
509836,1
307827,1
474439,2
107180,2
16479,2
191932,2
495042,1
409218,1
239400,2
67124,1
227729,1
126425,2
499801,1
233584,1
253880,1
177210,2
499708,2
197550,1
328087,2
489499,1
280388,1
58204,2
277594,2
495053,1
536847,1
192892,2
169191,1
432713,2
439537,1
533193,1
126567,2
200960,1
58662,2
565847,2
81215,1
42611,2
480506,2
518536,1
416945,1
153120,2
397690,1
24692,2
181643,1
24718,1
436208,1
40797,2
71809,2
365372,1
142053,2
332632,1
156992,1
519472,1
290906,1
262403,1
557092,1
157781,2
127254,2
81581,2
10434,1
461036,1
148372,2
305140,2
168194,1
508427,1
184009,1
441755,2
521507,1
162056,2
507678,2
540601,1
331628,2
472275,1
236165,2
148284,1
41733,2
162120,2
323592,1
504198,1
315174,1
19040,2
87068,1
329437,2
109402,2
89539,2
213254,1
102126,2
465995,1
153818,2
283977,2
280887,1
296980,1
565369,2
19124,2
49767,1
498435,1
82352,1
427074,1
405362,1
219737,2
116154,2
56688,2
109536,2
393701,1
417244,2
465,2
74714,2
125651,2
350380,1
42614,2
561823,1
194987,2
65148,2
503733,1
209931,2
510748,1
476971,2
307604,2
306994,2
199105,2
154964,1
216045,1
212031,2
148737,2
536463,1
546771,1
373100,2
71616,1
30240,1
374399,2
92812,2
312539,1
479427,1
496511,1
250440,2
116503,2
34653,1
223389,2
567501,2
533564,1
191404,1
254764,2
258634,1
127806,2
418148,1
560535,1
61037,2
203176,1
297172,2
404518,1
125316,2
427552,1
523310,1
454838,2
448317,2
515693,1
463454,1
164820,2
203726,1
42141,2
78150,2
557157,2
315333,2
64651,1
115312,2
349300,2
316780,2
441537,1
118646,2
378352,2
482600,2
18683,2
41843,2
534279,1
314086,2
27315,2
289561,1
144078,2
180929,1
292409,2
148535,1
497093,1
176098,2
300009,2
191492,1
203582,1
35692,2
358161,2
479375,1
351616,2
421698,1
197477,1
522967,1
438026,1
355416,2
143303,2
61601,2
453861,2
287785,1
208326,1
266867,1
452838,1
107051,2
252032,1
224946,1
107229,1
27170,2
351971,2
152922,1
6473,2
82364,1
166874,1
421876,2
529582,1
417041,1
105203,2
352549,1
561134,2
305832,1
565023,2
71547,2
225721,2
99819,1
520838,1
36305,1
11528,2
132219,2
340339,1
131476,2
413340,2
241476,2
39094,2
443912,2
354574,1
471123,2
371513,2
520699,1
450340,1
104821,2
105034,2
56581,1
333755,2
431516,2
128770,2
82567,2
565105,2
193376,1
560254,1
138721,2
104944,1
261294,1
85071,2
85988,2
170275,1
37954,2
441324,1
565225,2
507307,1
506109,1
160351,2
495642,1
20384,2
145557,2
112979,2
477681,2
513434,1
64229,1
521827,1
376331,2
446595,1
446069,2
452825,2
487396,1
430505,1
100802,2
167236,2
557420,1
344848,2
511221,1
90903,2
71496,1
203781,1
536559,2
19547,1
367582,2
58408,1
567303,2
349888,2
335202,2
483616,1
490898,1
360050,1
103299,2
39761,2
325866,1
46101,2
417535,1
457501,1
190609,1
345186,2
8882,1
68519,2
437268,1
193206,1
20577,2
92389,2
216970,1
472419,1
549939,2
27942,2
401990,1
28659,2
456415,2
358036,1
160746,1
403446,1
159249,1
482200,2
307560,2
410920,1
527327,2
281072,2
121665,2
158254,1
128079,2
352584,2
309891,1
269921,2
124860,2
468748,2
251528,2
358248,1
289402,1
49567,2
80971,2
463672,1
538758,2
194031,2
299150,1
319231,2
210238,2
434313,2
558575,2
211746,1
415797,1
240044,2
110799,2
329458,2
484702,1
443901,1
527525,1
293330,1
68790,1
442596,2
219017,1
500943,2
107061,2
92240,2
562854,1
203492,1
192624,1
25257,2
351723,2
172638,1
548976,1
493836,1
423565,2
226835,1
553268,2
390207,2
198792,2
546495,1
348866,1
227866,2
308404,2
104098,2
136004,2
437223,1
527279,2
234608,1
452947,1
122649,1
558118,2
234100,1
316751,2
28245,2
48558,2
157018,1
145709,2
343178,2
488873,2
264480,2
376222,2
515867,1
322991,1
328168,2
493901,1
315530,1
388704,1
164530,2
290440,1
7156,1
447982,1
125950,1
166001,1
180989,2
430155,1
234698,2
476991,2
460395,2
211535,1
504138,1
214013,1
72979,2
51983,2
102316,2
485979,2
470052,1
510408,1
99418,1
379,2
32033,2
195014,1
116399,2
513936,1
332993,2
563527,1
37590,2
540910,1
82700,2
564205,2
71913,1
435676,2
554588,1
248945,1
438074,1
23600,1
421063,1
226657,2
215662,2
35087,2
493624,1
344129,1
565044,1
478861,1
39926,1
417492,1
62150,2
35838,2
408147,1
240035,2
489089,1
289894,1
487448,1
236041,2
368555,2
531852,1
450586,2
123158,2
44412,2
124269,2
84161,1
389729,1
185860,1
498637,1
546348,1
77766,2
56690,2
64162,2
494788,1
337689,1
572226,2
53256,1
106693,2
430915,1
236826,2
556350,2
187964,1
548759,1
10070,2
156534,1
216982,1
342139,2
438450,1
167928,1
274160,1
419009,2
544050,1
180674,1
308378,2
226760,1
114103,1
481068,1
542040,2
502240,1
536340,1
480178,1
406685,1
535248,1
530090,2
432505,1
412858,1
137159,1
352227,2
258335,1
110637,1
297142,2
19695,2
524791,1
284329,1
224758,2
470459,1
107548,1
556376,1
352228,2
530375,2
308307,1
359547,1
535152,2
203555,1
73911,2
554821,1
417454,1
178147,1
421818,1
282802,2
309014,1
159636,2
526055,1
504937,2
174898,2
504494,1
445178,2
204429,2
195443,1
367192,1
315094,1
404745,1
402972,1
563818,2
80428,2
295688,1
337027,2
136676,2
552368,1
482473,1
335663,1
84245,2
443359,1
369558,1
334611,2
159009,1
348500,1
408729,1
417468,1
191704,1
92299,2
197377,2
496669,1
508749,2
105172,2
566689,2
237109,2
504582,1
519923,1
146544,2
456664,2
309989,2
17462,2
43082,2
274640,1
179721,1
334179,2
377206,1
307288,1
180312,1
209399,1
470531,2
539364,2
221624,2
543809,1
64090,2
364542,1
297144,2
77236,1
205833,1
204948,2
186126,1
220575,2
144175,2
165552,1
559846,2
428704,1
412707,1
491323,1
527286,2
480519,1
179544,1
412409,2
332245,1
556544,1
433299,1
31636,2
515454,2
182158,1
515373,1
502250,1
420275,1
383039,2
544162,1
89628,2
221997,2
52626,2
96652,2
502410,1
103913,2
298834,2
114836,2
448741,1
326772,2
354453,2
385642,2
529061,1
458488,1
257722,2
189885,1
111051,2
66118,1
255809,2
432137,2
565211,2
447924,2
405790,1
312173,1
414632,1
447824,2
32535,2
215092,1
165945,1
425117,2
167463,1
214610,1
343188,2
416743,2
419710,1
181581,1
439793,1
136335,2
487012,1
379386,1
102167,2
152941,1
143937,1
54577,2
101003,2
56034,2
77565,2
462021,1
485826,2
20032,2
311407,1
96233,2
133113,2
142643,2
459852,1
331258,1
89315,2
390406,1
253332,2
112726,1
560506,2
166692,2
34465,2
501431,1
314580,2
275303,2
494714,2
74840,2
562978,2
4387,4
578207,6
227199,3
12060,4
140768,5
460067,7
299346,6
3470,4
261777,3
2394,5
457504,7
12287,4
172394,5
376110,7
230476,6
327425,5
6234,4
1965,5
362632,5
349408,6
268510,5
284281,6
18393,5
339468,3
488472,7
5350,4
264991,4
5219,4
272293,3
544311,7
264549,4
216398,7
228652,3
99300,5
12772,4
385062,6
253046,3
331619,5
538971,7
275313,5
579044,3
397077,7
236906,6
214113,5
2554,4
2440,5
238728,6
384396,6
387431,7
3884,4
336756,3
14043,5
202972,5
12970,4
304788,6
399668,5
12714,4
538428,7
2559,6
12633,4
263698,3
245493,6
4213,5
493420,7
571958,3
11076,3
272736,4
222959,6
1589,5
278228,5
243079,3
281404,4
236372,6
378111,7
256070,3
328122,5
215820,7
398859,3
254866,3
254333,3
297354,6
297272,3
10361,7
579355,3
577361,3
10633,6
254970,3
13068,4
412540,6
4145,4
317876,5
141454,5
12906,4
4084,4
232429,6
351058,5
239200,6
290177,3
406991,3
409688,5
369950,6
6155,4
293622,6
269739,3
229700,7
262210,4
417892,6
349436,7
511134,7
460256,7
411028,5
417834,5
140090,5
252428,3
72147,5
9862,7
328816,5
574584,3
259496,3
579712,3
101847,5
300142,6
4235,4
280151,4
275502,3
17732,5
401927,7
285463,7
514063,7
237391,6
340027,5
374863,7
290211,3
451424,7
255538,4
424183,6
383111,3
5469,3
2928,4
263051,5
579601,6
300087,3
294534,3
286516,6
257347,3
460625,7
4527,4
2764,4
225856,7
360961,3
308625,5
3668,4
216800,5
261788,3
276107,6
308163,6
214963,7
481467,7
6699,5
272127,3
371756,5
580303,6
230951,6
411828,6
282322,3
4183,4
404956,5
501303,7
12563,4
246232,5
428119,7
451923,7
578965,3
303798,6
5024,4
12871,4
293228,7
395,5
452089,7
13468,5
12505,4
6992,5
293177,6
307107,5
326042,5
293016,3
459127,7
413314,5
280662,6
216506,5
359206,3
140085,5
238928,5
576627,6
238738,6
565018,6
261542,5
3892,4
573216,3
384388,6
309646,5
14060,7
336852,7
216149,7
5369,4
279065,3
264332,5
282568,6
299726,6
567538,6
378424,6
566396,6
6759,5
357705,7
402214,3
377493,7
396651,5
13301,4
285957,3
543818,7
290257,6
268641,4
141804,5
574333,3
12767,4
263639,4
277920,6
4961,6
494353,7
235512,7
262794,4
370601,7
515845,7
572585,3
369728,7
290759,6
403566,3
289863,7
574870,6
541756,7
264892,5
7606,5
297805,6
271669,3
269219,3
216444,7
23,5
375766,3
230655,7
251243,3
253119,6
13180,4
2198,6
108151,5
396768,6
357060,7
243661,5
12652,4
502186,5
281981,6
4144,4
542246,7
273157,3
278360,3
11359,5
265243,5
6119,4
572652,3
14799,7
324643,5
241733,5
372210,6
12352,4
171242,5
11027,6
250789,5
566655,6
2789,4
5348,4
326032,5
448485,7
2598,4
368425,7
478750,7
578685,3
477939,7
372736,6
294922,6
378738,7
196212,5
579774,3
268255,6
454120,7
289820,6
395437,3
19,5
49,5
290273,6
5370,4
413222,6
573072,3
283180,7
10179,7
247350,5
249898,6
297684,6
288647,6
269207,3
6959,7
242955,5
225971,5
239702,3
212187,7
284715,4
269100,4
501319,7
214337,7
4179,4
263522,5
12634,4
543127,7
3425,4
492094,7
364468,6
3631,5
415208,5
577917,3
12411,4
467091,7
256156,3
262769,3
342813,7
242571,6
12077,7
11052,5
142506,5
275025,3
579885,6
269751,6
286330,3
282431,3
12790,6
3834,4
276110,6
401023,5
287674,6
202182,5
397486,3
3534,4
254226,4
12235,6
196513,5
239853,5
482046,7
282921,3
288259,6
5748,4
232057,3
7079,5
573122,3
3462,4
4500,4
3300,4
379758,6
273377,3
4442,4
244973,6
12994,4
12466,4
366179,6
214626,7
248290,3
267544,5
565121,6
372456,7
246573,3
356439,7
4972,4
574854,3
380174,7
5665,4
574821,3
288166,3
341565,7
1942,5
481480,7
12514,4
12564,4
247867,5
256219,3
291647,3
136866,5
4293,4
2250,4
3343,4
8615,5
579111,3
449141,7
291266,6
3946,4
457196,7
327224,7
284057,3
414594,6
3550,3
266379,4
384137,7
579662,6
271303,7
257939,3
241033,6
99570,5
8628,7
229148,3
275550,3
4332,4
12969,4
9594,7
274388,4
14891,3
12911,6
375857,7
256207,3
222590,3
294506,3
421971,6
259501,3
380157,7
5346,6
268247,4
269238,6
176039,5
273097,5
14181,5
239842,5
232701,5
579129,6
287669,3
276464,5
387200,5
5383,6
578473,3
12873,4
238926,5
5068,4
5062,4
12358,4
5175,4
283676,6
2298,6
499039,7
272538,5
4158,4
266313,4
579215,3
574865,3
352416,3
3053,4
559975,5
353003,3
13055,4
11641,5
304218,6
14577,7
234481,3
457618,7
273752,3
378098,7
571159,3
367770,6
234872,5
566267,6
216104,7
270770,3
246260,5
3173,4
242219,5
278547,6
279061,3
272662,3
375406,7
12636,4
13149,4
321200,5
3724,4
3554,4
266318,4
14808,7
360115,7
472144,7
538174,7
281821,6
371586,5
323267,5
575459,6
259567,3
350618,6
239703,3
575806,6
516023,7
566533,6
296051,7
245690,5
302752,6
344086,7
14601,7
310726,5
472961,7
225848,7
567837,6
298191,6
175200,5
3247,4
335891,5
539012,7
458221,7
282487,3
383075,5
4817,4
291311,7
380078,7
305279,6
453426,7
261144,3
222113,6
473753,7
216795,5
8871,7
3307,3
4174,4
292690,6
261205,3
309677,6
309650,5
570171,3
5480,4
251304,6
12585,4
201642,5
8010,7
72466,5
4147,4
527132,7
272298,6
559841,6
241589,6
472939,7
256661,3
378092,7
9887,7
399494,3
3268,3
261793,7
242662,5
271185,3
262067,5
241133,6
580368,3
263272,3
397109,7
421670,7
6501,4
276191,6
240800,5
379401,7
384408,5
270254,6
575746,3
342806,7
470861,7
414539,5
353684,6
13182,6
276655,4
305737,4
141114,5
5058,4
456475,7
214361,7
458623,7
527149,7
241231,5
12310,3
266357,3
341518,7
272549,5
224336,6
458218,7
567273,6
490022,7
473314,7
8088,5
260108,3
1677,5
471686,7
241269,5
472108,7
463594,7
452078,7
4932,4
283614,6
574141,3
533255,7
378404,6
2904,5
278227,5
248298,3
567670,6
8148,5
288092,6
344027,5
575317,3
251959,3
465113,7
246607,3
454107,7
12222,4
236837,6
238911,5
461164,7
364492,3
397618,5
388743,7
5338,4
239759,6
12480,4
12732,4
2376,6
4949,4
383081,5
274269,3
461163,7
331042,3
293059,6
1302,5
3517,4
431152,5
457699,7
7599,6
244466,6
2652,4
270189,4
12845,4
580135,3
380846,7
396751,3
221759,3
12178,4
3139,4
319028,7
578508,3
530794,7
372468,7
302220,3
238368,6
3636,5
456589,7
2068,4
294563,6
4449,4
11901,7
4536,4
12800,4
233081,7
141803,5
246223,5
3606,3
4560,4
485865,7
405513,5
227100,6
488064,7
575123,3
4597,4
3252,4
385362,7
449456,7
237798,6
4815,6
312453,6
336815,7
221170,5
3469,4
2484,3
892,5
537895,7
4002,4
13329,6
12460,4
412469,5
251850,3
299749,6
281250,6
241258,5
228246,7
533245,7
232206,5
290317,3
9087,7
386034,7
4574,4
395444,3
237038,5
544577,7
263992,5
15041,6
230079,6
566382,6
289738,3
506289,7
297408,7
3482,4
287712,6
578477,3
304704,3
343427,3
576725,6
238896,5
295889,3
3067,4
250592,3
5518,6
515850,7
469006,7
354301,3
538975,7
269677,4
497965,7
496324,7
274477,3
6080,4
282442,3
355987,5
13210,6
323377,3
7999,6
394791,3
302782,6
239365,5
377107,6
1822,5
12204,4
413316,5
1164,5
5992,4
359222,3
336774,3
8439,5
2776,5
280717,3
7076,5
366429,7
351788,3
539803,7
287696,6
244218,5
251813,3
6248,4
2291,4
246763,5
2349,5
273271,4
4494,4
4347,4
245174,5
4976,4
360846,5
255217,5
411399,7
281948,6
519252,7
355836,7
480944,7
262065,5
448008,7
245062,6
575632,3
3054,4
3500,4
571590,3
286450,3
577558,3
14621,7
318386,7
317868,5
268683,4
11347,5
575166,3
567151,6
288770,6
5602,4
11644,5
370554,6
574393,6
273738,3
365867,7
381797,3
570892,3
468597,7
5612,3
260720,3
12828,4
308651,6
258409,3
1727,7
475504,7
12614,4
229810,5
325141,7
338108,3
13020,4
450603,7
291168,3
72462,5
296333,3
6095,4
12866,4
3154,4
8820,5
4641,4
574047,3
459128,7
537005,7
11064,3
576863,3
497399,7
294979,6
382760,7
288025,3
8035,5
1450,5
236365,6
255441,4
329522,5
3304,4
197985,5
261719,3
252322,6
576092,3
373963,7
576208,3
11728,5
11080,6
4596,4
290704,3
415258,6
6314,4
399199,7
187109,5
2163,4
376758,7
291104,3
284307,7
4126,4
368883,3
226262,3
572125,3
264571,4
8764,6
370076,7
255002,3
12883,4
574066,3
351828,3
451922,7
239418,5
298633,7
11237,6
3770,4
269496,5
5340,4
247141,4
141458,5
12892,4
140075,5
362754,3
531615,7
15101,6
2581,5
4220,4
5753,6
419096,6
452389,7
542262,7
578593,3
16965,5
571760,3
465111,7
246135,6
17289,5
9789,7
211971,5
273365,6
2074,5
349993,3
578784,3
2280,5
406926,5
305702,6
188435,5
288251,6
264994,4
460740,7
239673,6
446202,7
302222,3
264798,5
280153,4
3442,4
372499,7
72754,5
2493,5
453597,7
375270,5
462111,7
7033,5
8616,5
296853,6
433723,7
13276,4
272766,3
471728,7
472134,7
477054,7
255604,6
277214,3
289231,3
5166,5
3262,4
5022,4
517319,7
331784,3
274982,3
6103,4
482659,7
295046,6
540313,7
303289,6
373852,6
278367,3
369408,5
294045,3
541791,7
215267,7
288081,3
378850,7
3436,4
238949,6
264085,3
305254,6
7399,5
3253,4
369448,6
359501,7
348251,6
191552,5
1185,5
296420,6
239786,6
3099,4
289780,6
271811,7
4294,4
281445,6
288270,6
4453,4
306249,6
234959,6
385716,6
570595,6
377508,7
4218,4
8224,7
244481,6
344664,3
314555,7
231733,5
380838,7
4029,4
4316,4
358466,5
6341,4
4454,4
12378,4
291316,7
401022,5
11325,6
11656,5
4443,4
2889,4
272280,6
281793,3
211275,7
374858,7
277690,4
214038,7
14082,6
252388,6
357349,3
217085,5
233495,4
516819,7
9679,7
4044,4
240654,3
268637,4
13029,4
515364,7
330359,3
472543,7
5982,6
12595,4
3829,4
415882,5
7697,6
247293,5
3760,4
264189,6
3305,4
481474,7
469457,7
277162,4
294012,3
234485,6
1155,5
5626,4
16495,5
12919,4
2676,4
254933,3
4986,4
574666,6
3523,4
514200,5
235880,6
373299,6
264905,5
572372,6
5311,4
344701,3
280724,4
383720,6
299672,6
399664,5
515359,7
3617,4
192610,5
575068,3
303716,3
342738,3
395442,3
8153,5
5417,4
244551,6
13342,4
357354,3
468480,7
387678,6
12131,5
278990,4
3585,4
6978,5
174088,5
529018,7
271225,3
285214,3
12785,4
278455,6
244154,5
289791,6
4102,4
276472,5
188705,5
10031,5
251236,3
367760,6
175470,5
323059,7
275643,7
394426,7
305741,6
182248,5
171824,5
461600,7
250787,5
5335,4
12459,4
283578,4
454964,7
3157,4
3563,4
466610,7
4072,4
259000,3
567031,6
244155,5
578506,3
245169,5
358491,5
4191,4
359175,6
467072,7
231134,7
275496,4
16858,5
5064,4
8598,7
140763,5
248208,3
201644,5
198559,5
263723,3
576960,3
385478,7
7198,7
484913,7
227291,7
560786,6
531213,7
236361,6
2229,4
359815,3
269206,4
392348,5
6464,5
578514,3
275331,5
580319,3
318518,5
262702,4
578267,3
4505,4
294581,6
3622,4
490843,7
364993,6
258444,3
4588,4
2715,5
506017,5
485553,7
259096,3
265957,7
135468,5
1628,5
351851,6
242454,5
235143,5
412536,6
13922,7
288296,6
13376,4
573927,6
278673,7
290706,3
265507,6
14020,5
308156,6
228651,3
369469,3
323754,7
295395,6
241518,6
290294,6
268250,6
356769,3
6688,5
284858,6
226796,7
11906,5
574668,6
113309,5
333320,7
2308,5
576279,6
315933,5
500746,7
328260,3
370281,7
332364,5
360074,7
279490,6
261692,4
4259,6
253223,7
387017,6
396746,3
307207,4
12940,4
580801,3
496881,7
404250,3
412539,6
263656,4
211969,5
3878,4
499623,7
103578,5
13411,6
572628,6
3224,5
264634,4
13447,3
321681,7
262288,3
304250,6
12419,4
412535,6
354122,5
349443,7
530782,7
267202,3
5826,6
289354,3
285994,3
11223,3
4289,4
289850,7
3822,4
5192,4
373610,7
291188,6
501347,7
6707,6
2262,6
410371,5
286514,6
8876,5
12727,4
482349,7
139372,5
468065,7
6803,6
281269,6
190776,5
264130,3
207926,5
180123,5
498485,7
378409,6
542933,7
5623,4
576721,6
255497,3
298558,6
247663,3
387428,7
294446,6
1417,5
372474,7
3541,5
207934,5
329514,5
256783,3
263048,5
3620,4
3451,5
4187,4
3705,4
578122,6
536445,7
278273,4
254374,3
2212,4
12708,4
273908,6
6030,4
8392,7
3903,4
302781,6
284501,5
289856,7
368378,6
400168,3
229143,3
4248,4
346456,5
270757,4
298502,6
379498,7
252457,3
12681,4
338933,7
208741,5
277155,3
4130,4
283532,6
277306,6
6261,4
576689,3
12759,4
13239,4
12096,5
12323,4
245003,6
278525,3
371060,6
212875,5
3567,4
277182,4
294483,3
287835,7
302312,6
352445,6
411111,3
572119,6
203719,5
573353,3
577107,3
373382,7
240818,5
473374,7
12192,4
9746,7
419616,5
3575,4
242551,6
382180,7
241051,6
476765,7
572690,3
301820,6
579800,6
456181,7
456674,7
286481,3
1254,5
299337,6
567825,6
300123,6
215568,7
566798,6
3508,4
264030,3
469059,7
383402,7
398860,3
346515,3
378743,7
459038,7
408356,6
573577,3
292054,3
4573,5
266734,3
576541,6
12594,4
303777,6
287717,6
285242,6
542019,7
319874,5
4685,4
423361,7
4300,4
174928,5
3356,4
558964,3
257955,3
354124,5
245695,5
515548,7
461605,7
516033,7
234565,7
398487,7
420176,5
13105,4
370821,7
2627,4
5968,4
266350,3
275334,5
255823,5
245594,6
13039,4
254947,3
580523,3
3993,4
192895,5
287107,6
355990,5
5564,4
4957,5
387655,5
3953,4
575190,6
578920,3
286601,6
452392,7
568115,6
363040,7
462617,7
8512,5
378746,7
235929,6
293972,6
384811,7
488066,7
7702,5
256750,3
359189,3
283593,3
13129,4
289774,6
8734,6
286364,3
265955,3
431151,5
281934,4
288249,6
12593,4
4691,4
5105,4
4033,4
12639,4
261691,4
8712,5
180908,5
260627,3
203476,5
251500,5
474135,7
334739,7
6516,5
339511,3
326884,3
415853,5
10383,7
2883,5
251937,6
237885,6
413916,6
263409,5
264369,5
395090,7
304765,6
576257,6
141452,5
263227,3
366674,3
458019,7
3371,4
293034,3
233374,6
283063,6
12953,4
3026,4
270244,4
3637,5
348099,5
3537,5
241205,5
378729,7
538739,7
500188,7
12621,4
474837,7
17620,5
580731,3
224326,6
5735,7
279413,4
137587,5
263232,3
4698,4
264943,4
291607,6
184123,5
3982,4
276743,3
259083,3
13379,4
3379,4
360974,6
414540,5
3972,4
329607,3
304243,6
256204,3
16774,5
275596,6
3696,4
363197,5
287584,3
265090,6
12551,4
13091,4
383083,5
19288,5
577195,3
362607,5
521559,7
7658,5
11972,6
284249,6
385686,5
573719,6
369960,5
579671,3
481209,7
4740,4
254854,3
5142,4
572128,3
246221,5
392497,7
406603,7
458031,7
289764,3
72152,5
369510,7
4637,4
246816,5
398491,7
239361,5
271705,4
8794,6
540528,7
3896,4
296496,6
260095,4
3618,4
8785,7
240704,3
262701,4
578344,3
233410,6
231130,7
4280,4
571450,3
1492,5
348231,3
395447,3
500772,7
136161,5
4186,4
381407,7
456557,7
265860,3
460552,7
571609,3
216796,5
3520,4
6830,7
242646,5
5371,4
291713,6
474474,7
321884,5
13030,4
381133,3
275892,5
10839,6
574776,3
371755,5
259590,3
305681,6
143206,5
448496,7
12490,4
490829,7
381104,5
378462,3
243009,4
290611,3
242218,5
3518,4
9414,7
12238,5
402937,3
405618,6
295977,6
5069,4
384709,7
13579,5
220614,6
1389,5
401456,5
242223,5
367275,6
1899,5
308078,5
247778,3
356074,3
261771,3
419589,5
10755,4
334639,3
3389,4
372158,6
486209,7
491659,7
4314,4
535319,7
263190,4
252498,3
256718,4
511128,7
10374,7
12952,4
267263,4
4630,4
6792,5
6462,5
303761,3
294121,6
405914,7
12168,5
271284,3
292731,3
267027,5
5184,4
413198,3
6512,5
575998,6
260561,3
3535,5
300507,4
3916,4
299330,6
5821,6
221006,3
273844,3
2672,4
333083,5
423652,6
567828,6
280297,6
3365,4
544179,7
580785,3
574621,3
499610,7
3879,4
535613,7
8133,5
4690,4
242483,6
296331,6
319876,5
262809,7
214978,7
300919,4
14352,7
349418,6
579989,3
258448,4
18503,5
3027,4
291648,3
246026,6
221013,3
2684,5
459065,7
237412,6
576929,6
271762,6
2888,4
272555,5
2477,3
227878,5
470867,7
13123,3
541036,7
261075,3
374217,7
10101,7
272552,5
193780,5
3072,4
285830,6
284183,6
2744,4
234492,3
449953,7
12425,4
574188,3
8158,7
6118,4
378752,7
423624,5
536724,7
278916,6
367248,6
572786,3
2352,5
273889,6
294619,3
508727,5
247120,3
424459,7
5456,6
514697,5
279619,6
278528,4
468541,7
3009,6
512904,7
237842,4
5916,6
285267,6
9528,7
353394,7
14975,6
410540,5
296858,6
1748,7
284650,3
5179,4
299716,6
212484,7
454944,7
538973,7
229082,6
576266,6
354872,3
10405,7
580078,6
3739,4
267287,6
174360,5
382451,3
578272,3
3230,5
223400,6
379112,5
314157,5
6191,4
277849,3
180117,5
569508,6
396098,6
3286,4
272276,4
383086,5
346364,5
256703,3
297334,6
6117,4
256168,3
3374,4
516528,7
12146,5
515176,5
3084,4
291605,6
4974,4
12379,4
413901,6
372874,5
317866,5
281411,6
372801,7
204713,5
261660,3
247128,6
264117,4
239311,6
384808,7
515060,7
569324,3
224738,6
3152,4
180904,5
285438,6
237894,6
573427,3
215933,5
577925,6
292454,5
261167,4
265517,6
366311,5
570936,3
579561,6
377394,7
372480,7
7069,5
3654,4
3722,4
142156,5
264114,4
208738,5
572300,3
310183,5
261546,5
265443,4
323756,7
275040,6
575619,6
280194,6
233382,6
233952,6
577039,3
413208,6
466632,7
569092,6
421407,6
573592,3
253192,6
4245,4
3694,4
303735,6
240995,6
183866,5
513716,5
248967,5
288031,3
359170,3
474830,7
263191,4
366447,7
271706,4
366121,3
300922,4
7807,6
343383,5
177700,5
265932,6
411820,3
405713,5
214349,7
404214,7
280604,3
233566,7
380084,7
3898,4
344645,3
3426,4
5066,4
431834,7
14014,7
382517,7
265387,3
4207,4
349981,3
259113,7
2600,4
450942,7
265452,4
4105,4
354121,5
277943,6
371617,3
5853,4
249494,7
1244,5
5183,4
292534,6
268144,4
497932,7
4669,4
399144,7
571991,3
350567,3
12405,4
12495,4
463135,7
13525,7
569799,3
213093,7
536443,7
3465,4
13409,3
1671,5
3542,5
12520,4
6257,6
475154,7
5140,4
575474,6
5136,4
14955,3
4301,4
15003,6
231092,3
574435,3
4240,4
275548,3
437282,7
2326,5
561423,6
5323,3
226332,7
243008,3
239757,6
224266,6
245060,6
273772,3
567775,3
226153,6
352911,5
413218,6
329314,7
307156,6
102131,5
5115,4
381755,6
378756,7
465098,7
5534,6
574741,3
224860,3
300128,6
191294,5
135470,5
5366,4
261703,3
572425,3
3431,4
347628,5
11144,6
264118,4
3206,4
228254,7
240640,3
335454,7
5529,7
271679,3
294137,6
4879,4
578674,3
301846,6
554481,5
569748,3
13433,4
404199,5
459049,7
2631,4
2856,5
451103,7
4661,4
215536,7
361261,7
5406,4
286025,6
574023,3
277807,3
4141,4
190781,5
3627,6
295554,6
285272,4
273350,6
4491,4
469000,7
310259,3
573993,3
258991,3
3801,4
11920,7
474111,7
173806,5
511149,7
332354,5
429325,5
291310,7
296922,3
223347,6
504078,7
310181,5
306184,6
411073,5
284142,4
5279,4
377755,5
304770,6
243972,6
359822,3
2321,4
496869,7
470434,7
260640,4
216209,5
3987,4
285928,3
2690,4
366982,7
579980,6
341449,5
351847,6
240229,6
246576,3
580211,6
372495,7
212567,5
287667,6
276679,3
543126,7
241509,6
1900,5
339461,5
571753,3
14478,7
378730,7
349246,5
259552,3
436242,7
12840,4
12121,5
406998,6
3578,4
7635,5
277935,6
561105,6
507426,7
458547,7
238307,3
526664,7
12338,4
284300,7
407295,7
386782,7
319315,3
577064,3
413852,5
293112,6
385379,7
283010,4
335929,5
265538,7
458554,7
493424,7
4646,4
396262,5
4732,4
304706,6
6824,5
479835,7
267298,3
3342,4
230552,6
205495,5
1941,5
288583,3
3386,4
342730,3
483968,7
224335,6
244040,6
2183,4
13466,4
259516,3
7038,7
394788,3
249990,3
349363,3
264179,6
309167,6
13133,4
12703,4
295451,6
447092,7
250101,7
223934,3
141107,5
461096,7
329519,5
448488,7
264567,4
229212,7
12825,4
409001,5
475521,7
573806,3
325345,5
215339,5
474140,7
269233,6
280249,6
267657,4
398984,5
12472,4
580626,3
274180,5
257824,3
562457,6
281460,7
294895,3
5575,4
14194,7
333082,5
13357,4
193786,5
498530,7
4167,4
4522,5
6273,4
10768,6
269264,3
13762,7
6011,4
388742,7
432353,5
1580,5
236903,6
235028,7
394770,3
12642,4
316152,3
251776,3
6246,4
6132,3
544857,7
329676,3
277098,3
392153,6
461590,7
221720,6
345290,6
260105,3
301838,6
372311,5
4041,4
259558,3
392778,3
288202,6
538187,7
349346,3
18837,5
260659,3
100132,5
245486,6
277394,7
578225,3
4046,4
270513,5
579162,3
580329,3
299734,6
417833,5
5746,4
250680,6
456479,7
386996,5
354232,3
334512,5
578074,3
5538,4
391295,7
579403,3
384082,7
574071,3
288209,6
3675,4
257391,3
295929,6
296501,3
372811,7
6116,4
482331,7
328255,3
239209,6
289168,6
264204,6
572889,3
273926,6
502420,7
216509,5
541782,7
241040,6
371034,5
286354,3
361282,7
4688,4
208744,5
375757,6
329516,5
236362,6
270237,3
3619,4
12347,4
267673,3
262927,5
4088,4
270641,4
4238,4
12726,4
358902,7
366859,5
420236,6
241073,3
250041,3
366204,6
409057,6
371047,6
244577,3
301797,6
484912,7
4741,4
245693,5
3336,4
223938,3
295065,6
5216,4
282030,4
12562,4
12279,3
262136,3
487312,7
464043,7
242151,5
373040,7
497984,7
567543,6
3785,5
230766,5
12385,4
10830,6
7671,5
471729,7
367309,6
248316,6
296301,3
385395,7
16676,5
402940,6
18067,5
3450,5
2199,4
422243,7
348253,6
11768,5
13798,6
245165,5
274935,4
12438,4
4097,4
270247,3
286508,6
12613,4
4394,4
103319,5
13214,4
283626,3
12610,4
410712,7
277736,3
13028,4
286552,6
259001,3
3274,5
296898,6
12428,4
304268,3
470456,7
233469,6
568235,6
4438,4
4341,4
1174,5
573919,6
273383,7
242524,3
575853,3
264585,3
392987,5
276163,4
271285,4
232048,3
280772,3
9972,7
280713,3
360686,7
3940,4
15067,6
235461,4
5174,4
294105,6
453602,7
12445,4
465129,7
4765,5
206306,5
381097,5
405580,3
368920,3
533264,7
373439,5
2903,5
367544,7
270120,3
374481,6
541022,7
8498,5
538436,7
292113,3
327426,5
4225,4
253136,3
13045,4
8860,5
577161,3
12457,4
4600,4
2599,4
4131,4
4686,4
492103,7
12217,4
243965,6
241061,6
365082,6
176031,5
174646,5
3566,4
280845,6
3529,4
234479,3
276653,4
8588,5
7845,6
9066,7
251212,3
328091,5
470455,7
13368,4
264045,4
7555,5
3327,4
575836,6
298117,6
264550,4
532038,7
576574,6
338107,3
300924,4
6286,6
579642,3
5560,6
281274,3
339464,5
264115,4
354910,6
241724,5
281991,6
384806,7
135820,5
517003,7
4408,4
374790,7
340902,7
232917,6
349438,7
5109,4
263231,3
3804,4
12670,4
5934,4
575411,3
3289,4
409751,6
3949,4
6772,5
12506,4
3412,4
264632,6
314226,6
298618,3
410370,5
283475,4
522918,7
182521,5
466630,7
300945,6
452890,7
219546,5
12107,5
286571,6
5300,3
243558,6
300124,6
3256,4
574363,3
313101,3
368404,7
538147,7
295972,6
263182,4
571750,3
405553,5
242984,6
408995,5
464626,7
422491,5
242976,6
7870,7
3159,4
346459,5
574361,3
369029,5
4036,4
284267,3
499648,7
384121,7
214677,7
7862,6
518103,5
234462,6
289179,6
278433,3
352994,3
284146,3
245578,6
243029,3
450929,7
5257,6
573643,3
285240,6
5102,4
469079,7
507960,7
291741,4
240636,3
368617,7
406,5
180642,5
369582,5
312433,5
319873,5
5452,4
12891,4
480114,7
572551,3
430716,5
579952,3
275882,5
295509,6
448502,7
269646,4
263661,4
4529,6
188439,5
4182,4
324788,3
3944,4
309138,6
511794,5
425,5
238350,6
265728,5
1493,5
535003,7
213104,7
368368,3
280826,6
376177,7
295040,6
243961,6
284840,6
331043,3
244568,6
264993,4
485533,7
578060,3
350473,5
540278,7
466226,7
5307,4
5229,4
413121,5
12699,4
4886,4
506867,7
379111,5
273853,3
352304,5
400228,3
458613,7
271269,6
280833,6
239215,5
4496,4
578299,6
499074,7
283387,5
4381,4
4907,4
3762,4
3401,5
464095,7
237520,5
293181,6
3743,4
295951,6
275608,6
13369,6
459764,7
212574,5
12665,4
387362,7
269743,6
345296,6
266695,4
7607,5
237408,6
230769,5
579263,3
415917,3
288818,6
7429,7
193187,5
241230,5
571221,3
12049,4
226150,6
376442,6
12477,4
13052,4
280013,3
496852,7
447108,7
359475,7
412115,7
371100,6
478219,7
276027,3
352155,7
259623,3
10900,3
142507,5
327431,5
103611,5
4445,4
378059,7
13539,5
269172,4
324641,5
278471,6
573527,3
102999,5
574582,3
573700,3
3960,4
559143,3
576923,3
279429,3
3698,4
2692,4
13248,5
4247,4
421920,5
240082,6
357662,7
3917,4
579765,3
194383,5
575745,3
256133,4
3723,4
268190,4
12195,3
578882,6
298522,6
18617,5
275312,5
215279,7
288305,7
10934,6
421344,5
249349,3
376162,7
566386,6
12590,4
305699,6
312510,3
221383,3
292688,6
354242,3
313031,6
373824,5
281424,6
209031,5
574080,3
579194,3
9427,7
519443,7
300478,3
268707,3
6440,5
12461,4
305683,6
270646,3
3662,4
14056,7
573980,6
6280,4
409055,6
577542,3
285937,6
6156,4
347673,6
3732,4
3128,4
12922,6
3293,4
263630,3
4148,4
238344,6
573389,3
215344,5
3100,4
343470,7
349388,3
263655,4
13167,6
9489,7
464644,7
348100,5
4668,6
285447,6
263521,5
266842,3
9727,7
327430,5
247725,3
240231,6
12039,7
14828,7
99848,5
568803,3
4730,4
11857,5
227243,3
371053,6
348657,5
11091,6
349867,5
190774,5
241101,3
432732,5
12469,5
580067,6
12793,5
12710,4
254336,4
12547,4
12638,4
236415,6
243010,4
7977,7
217098,5
317230,5
576362,3
510104,7
3965,4
238509,5
272184,3
290691,3
541063,7
290659,4
515079,7
288761,6
4232,4
243662,5
286536,6
13575,5
296927,6
193186,5
248422,5
13628,3
1998,4
217653,5
199970,5
354116,5
365329,7
254326,3
2675,4
6291,4
134759,5
284222,6
9090,7
475159,7
576176,6
277147,3
227281,7
3257,4
4034,4
33,5
346368,5
4497,4
3168,4
412527,6
277781,3
12776,4
14512,7
349371,5
256702,3
268192,4
177423,5
349872,5
13082,4
262144,3
255632,7
265424,4
282546,6
268649,4
282950,6
573722,6
